,Country,Code,Year,College Enrolment ratio
14,Afghanistan,AFG,2003,1.2568399909999999
15,Afghanistan,AFG,2004,1.256029963
16,Afghanistan,AFG,2009,3.9033899310000004
40,Albania,ALB,2000,15.6037302
41,Albania,ALB,2001,15.97496033
42,Albania,ALB,2002,16.43170929
43,Albania,ALB,2003,16.80555916
44,Albania,ALB,2004,20.05554008
45,Albania,ALB,2005,23.31110001
46,Albania,ALB,2006,26.62043953
47,Albania,ALB,2007,30.65366936
48,Albania,ALB,2008,32.07780075
49,Albania,ALB,2009,33.40074921
50,Albania,ALB,2010,44.54064941
65,Algeria,DZA,2001,15.56346035
66,Algeria,DZA,2002,17.27210999
67,Algeria,DZA,2003,18.47307014
68,Algeria,DZA,2004,19.04335976
69,Algeria,DZA,2005,20.76147079
70,Algeria,DZA,2006,21.2300396
71,Algeria,DZA,2007,23.4881897
72,Algeria,DZA,2009,29.81871986
73,Algeria,DZA,2010,29.83456039
85,Angola,AGO,2002,0.796679974
86,Angola,AGO,2003,2.951679945
87,Angola,AGO,2004,2.219850063
88,Angola,AGO,2005,2.7487800119999997
89,Angola,AGO,2006,2.69178009
92,Antigua and Barbuda,ATG,2009,14.81005001
93,Antigua and Barbuda,ATG,2010,16.2319603
126,Arab World,,2000,18.16090012
127,Arab World,,2001,18.76543045
128,Arab World,,2002,19.56946945
129,Arab World,,2003,19.55899048
130,Arab World,,2004,20.69919014
131,Arab World,,2005,21.73147964
132,Arab World,,2006,22.19148064
133,Arab World,,2007,22.73653984
134,Arab World,,2008,23.43787003
135,Arab World,,2009,24.09880066
136,Arab World,,2010,24.76180077
163,Argentina,ARG,2000,53.17573929
164,Argentina,ARG,2001,58.33248901
165,Argentina,ARG,2002,62.23300934
166,Argentina,ARG,2003,64.80724335
167,Argentina,ARG,2004,65.23638916
168,Argentina,ARG,2005,63.78536987
169,Argentina,ARG,2006,66.83110046
170,Argentina,ARG,2007,66.35090637
171,Argentina,ARG,2008,68.14135742
172,Argentina,ARG,2009,70.53328705
173,Argentina,ARG,2010,73.93920135
190,Armenia,ARM,2000,34.85655975
191,Armenia,ARM,2001,32.81435013
192,Armenia,ARM,2002,35.23865891
193,Armenia,ARM,2003,36.20452118
194,Armenia,ARM,2004,36.79804993
195,Armenia,ARM,2005,38.36658859
196,Armenia,ARM,2006,41.76501846
197,Armenia,ARM,2007,44.3306694
198,Armenia,ARM,2008,46.59685135
199,Armenia,ARM,2009,49.14133835
200,Armenia,ARM,2010,50.64429855
206,Aruba,ABW,2000,29.65608025
207,Aruba,ABW,2001,29.05586052
208,Aruba,ABW,2002,26.69796944
209,Aruba,ABW,2003,26.7562809
210,Aruba,ABW,2004,26.30441093
211,Aruba,ABW,2005,31.68346977
212,Aruba,ABW,2006,30.90319061
213,Aruba,ABW,2007,33.92612839
214,Aruba,ABW,2008,35.24048996
215,Aruba,ABW,2009,35.36231995
216,Aruba,ABW,2010,37.35770035
251,Australia,AUS,2000,67.03890991
252,Australia,AUS,2001,67.00505066
253,Australia,AUS,2002,75.75243378
254,Australia,AUS,2003,73.39425659
255,Australia,AUS,2004,71.69843292
256,Australia,AUS,2005,72.29192352
257,Australia,AUS,2006,71.48291779
258,Australia,AUS,2007,72.51995087
259,Australia,AUS,2008,72.91854095
260,Australia,AUS,2009,76.76537323
261,Australia,AUS,2010,80.91708374
294,Austria,AUT,2000,56.57257843
295,Austria,AUT,2001,56.80604172
296,Austria,AUT,2002,46.53516006
297,Austria,AUT,2003,46.42351913
298,Austria,AUT,2004,47.20038986
299,Austria,AUT,2005,47.78224182
300,Austria,AUT,2006,49.41302872
301,Austria,AUT,2007,51.22851944
302,Austria,AUT,2008,56.14997864
303,Austria,AUT,2009,60.71657944
304,Austria,AUT,2010,68.73217773
321,Azerbaijan,AZE,2006,19.78945923
322,Azerbaijan,AZE,2007,19.36459923
323,Azerbaijan,AZE,2008,19.04788971
324,Azerbaijan,AZE,2009,19.05771065
325,Azerbaijan,AZE,2010,19.26004028
366,Bahrain,BHR,2003,29.42609978
367,Bahrain,BHR,2005,25.57451057
368,Bahrain,BHR,2006,24.44087029
393,Bangladesh,BGD,2000,5.445340157
394,Bangladesh,BGD,2001,6.426919937
395,Bangladesh,BGD,2002,6.130790234
396,Bangladesh,BGD,2003,6.177800179
397,Bangladesh,BGD,2004,5.694300175
398,Bangladesh,BGD,2005,6.235270022999999
399,Bangladesh,BGD,2006,7.121930122
400,Bangladesh,BGD,2007,7.678040028
401,Bangladesh,BGD,2008,8.607930182999999
402,Bangladesh,BGD,2009,10.52058029
420,Barbados,BRB,2000,40.58102036
421,Barbados,BRB,2001,39.82331848
422,Barbados,BRB,2007,59.74332047
423,Barbados,BRB,2009,75.71624756
424,Barbados,BRB,2010,69.81481171
448,Belarus,BLR,2000,54.61008072
449,Belarus,BLR,2001,56.89664841
450,Belarus,BLR,2002,59.36820984
451,Belarus,BLR,2003,62.12060928
452,Belarus,BLR,2004,64.34111786
453,Belarus,BLR,2005,67.0785675
454,Belarus,BLR,2006,69.44774628
455,Belarus,BLR,2007,71.59916687
456,Belarus,BLR,2008,71.24411774
457,Belarus,BLR,2009,74.45832062
458,Belarus,BLR,2010,79.42101288
487,Belgium,BEL,2000,57.5497818
488,Belgium,BEL,2001,58.24526978
489,Belgium,BEL,2002,59.11626816
490,Belgium,BEL,2003,59.86478043
491,Belgium,BEL,2004,61.24803162
492,Belgium,BEL,2005,61.40420151
493,Belgium,BEL,2006,61.95885849
494,Belgium,BEL,2007,61.34976959
495,Belgium,BEL,2008,62.10216904
496,Belgium,BEL,2009,65.19814301
497,Belgium,BEL,2010,67.71092224
506,Belize,BLZ,2001,14.66629982
507,Belize,BLZ,2002,16.50700951
508,Belize,BLZ,2003,15.8401804
509,Belize,BLZ,2004,15.40738964
510,Belize,BLZ,2005,16.0301609
511,Belize,BLZ,2006,17.03046036
512,Belize,BLZ,2007,18.18984032
513,Belize,BLZ,2008,19.10354042
514,Belize,BLZ,2009,22.41007996
515,Belize,BLZ,2010,21.87334061
547,Benin,BEN,2000,3.681040049
548,Benin,BEN,2001,4.464389801
549,Benin,BEN,2002,5.264689922
550,Benin,BEN,2003,5.819910049
551,Benin,BEN,2004,5.872039795
552,Benin,BEN,2005,5.784349917999999
553,Benin,BEN,2006,6.641930102999999
554,Benin,BEN,2007,7.903719902000001
555,Benin,BEN,2008,7.78704977
556,Benin,BEN,2009,9.870059967000001
557,Benin,BEN,2010,13.25990963
564,Bermuda,BMU,2006,30.01988029
565,Bermuda,BMU,2007,26.17432976
566,Bermuda,BMU,2008,25.92593002
567,Bermuda,BMU,2009,32.11095047
568,Bermuda,BMU,2010,29.8167305
578,Bhutan,BTN,2005,4.743850231000001
579,Bhutan,BTN,2006,4.9876599310000005
580,Bhutan,BTN,2007,5.398439884
581,Bhutan,BTN,2008,6.461229801
582,Bhutan,BTN,2009,6.277480125
583,Bhutan,BTN,2010,7.007679939
596,Bolivia,BOL,2000,33.56229019
597,Bolivia,BOL,2001,35.72240829
598,Bolivia,BOL,2002,36.19218063
599,Bolivia,BOL,2003,38.72576141
600,Bolivia,BOL,2004,39.09473038
601,Bolivia,BOL,2007,38.39057159
602,Bosnia and Herzegovina,BIH,2000,20.95005035
603,Bosnia and Herzegovina,BIH,2001,22.45634079
604,Bosnia and Herzegovina,BIH,2002,22.1083107
605,Bosnia and Herzegovina,BIH,2003,23.45116043
606,Bosnia and Herzegovina,BIH,2004,25.08551025
607,Bosnia and Herzegovina,BIH,2005,27.32360077
608,Bosnia and Herzegovina,BIH,2006,29.724460600000004
609,Bosnia and Herzegovina,BIH,2007,32.84711838
610,Bosnia and Herzegovina,BIH,2008,35.48450851
611,Bosnia and Herzegovina,BIH,2009,36.87733841
612,Bosnia and Herzegovina,BIH,2010,36.83292007
640,Botswana,BWA,2000,6.879330157999999
641,Botswana,BWA,2001,7.430200099999999
642,Botswana,BWA,2002,7.757589817
643,Botswana,BWA,2003,9.00992012
644,Botswana,BWA,2004,9.492659569
645,Botswana,BWA,2005,9.166080475
646,Botswana,BWA,2006,10.00275993
647,Botswana,BWA,2007,10.18006992
648,Botswana,BWA,2008,14.17216015
649,Botswana,BWA,2009,21.72014046
650,Botswana,BWA,2010,19.17169952
656,Brazil,BRA,2001,18.15427971
657,Brazil,BRA,2002,20.69566917
658,Brazil,BRA,2003,23.21698952
659,Brazil,BRA,2004,24.49123955
660,Brazil,BRA,2005,25.98962975
661,Brazil,BRA,2007,30.78668976
662,Brazil,BRA,2008,35.56209946
663,Brazil,BRA,2009,37.03839874
678,Brunei,BRN,2000,12.69112968
679,Brunei,BRN,2001,14.245730400000001
680,Brunei,BRN,2002,13.98145962
681,Brunei,BRN,2003,14.16464043
682,Brunei,BRN,2004,14.93257999
683,Brunei,BRN,2005,14.83329964
684,Brunei,BRN,2006,14.75751972
685,Brunei,BRN,2007,15.24612045
686,Brunei,BRN,2008,15.95436001
687,Brunei,BRN,2009,16.97945023
688,Brunei,BRN,2010,15.65480995
722,Bulgaria,BGR,2000,44.49129868
723,Bulgaria,BGR,2001,43.01794052
724,Bulgaria,BGR,2002,40.86594009
725,Bulgaria,BGR,2003,41.52048111
726,Bulgaria,BGR,2004,41.93650818
727,Bulgaria,BGR,2005,44.27005005
728,Bulgaria,BGR,2006,45.81988907
729,Bulgaria,BGR,2007,49.52777863
730,Bulgaria,BGR,2008,51.35054016
731,Bulgaria,BGR,2009,54.11346054
732,Bulgaria,BGR,2010,58.01100159
765,Burkina Faso,BFA,2001,1.156659961
766,Burkina Faso,BFA,2002,1.411880016
767,Burkina Faso,BFA,2003,1.601390004
768,Burkina Faso,BFA,2005,2.307579994
769,Burkina Faso,BFA,2006,2.440969944
770,Burkina Faso,BFA,2007,2.611819983
771,Burkina Faso,BFA,2008,3.1800999639999996
772,Burkina Faso,BFA,2009,3.532540083
773,Burkina Faso,BFA,2010,3.5786299710000002
799,Burundi,BDI,2000,1.157400012
800,Burundi,BDI,2001,1.127009988
801,Burundi,BDI,2002,1.762060046
802,Burundi,BDI,2004,2.282619953
803,Burundi,BDI,2005,2.305350065
804,Burundi,BDI,2006,2.3087298869999997
805,Burundi,BDI,2007,2.358230114
806,Burundi,BDI,2008,2.547950029
807,Burundi,BDI,2009,2.713140011
808,Burundi,BDI,2010,3.14944005
831,Cambodia,KHM,2000,2.473340034
832,Cambodia,KHM,2001,2.372580051
833,Cambodia,KHM,2002,2.482110023
834,Cambodia,KHM,2003,2.909739971
835,Cambodia,KHM,2004,2.808900118
836,Cambodia,KHM,2005,3.378259897
837,Cambodia,KHM,2006,5.66012001
838,Cambodia,KHM,2007,7.288569927
839,Cambodia,KHM,2008,9.086750031000001
840,Cambodia,KHM,2009,11.71901989
841,Cambodia,KHM,2010,14.06062031
861,Cameroon,CMR,2000,4.614449978000001
862,Cameroon,CMR,2001,4.628930092
863,Cameroon,CMR,2002,5.055789948
864,Cameroon,CMR,2003,5.090799809
865,Cameroon,CMR,2004,5.0587902069999995
866,Cameroon,CMR,2005,5.80821991
867,Cameroon,CMR,2006,6.758090019
868,Cameroon,CMR,2007,7.203750134
869,Cameroon,CMR,2008,7.816259861
870,Cameroon,CMR,2009,8.962909697999999
871,Cameroon,CMR,2010,11.03824043
885,Canada,CAN,2000,58.8835907
887,Cape Verde,CPV,2000,2.012769938
888,Cape Verde,CPV,2001,1.70915997
889,Cape Verde,CPV,2002,4.061759949
890,Cape Verde,CPV,2003,4.691699982
891,Cape Verde,CPV,2004,6.092229842999999
892,Cape Verde,CPV,2005,7.461400032
893,Cape Verde,CPV,2006,8.316940308
894,Cape Verde,CPV,2007,9.297539711
895,Cape Verde,CPV,2008,11.47159958
896,Cape Verde,CPV,2009,14.46662045
897,Cape Verde,CPV,2010,17.30555916
923,Central African Republic,CAF,2000,1.862100005
924,Central African Republic,CAF,2004,1.7015500069999998
925,Central African Republic,CAF,2006,1.127820015
926,Central African Republic,CAF,2008,2.276109934
927,Central African Republic,CAF,2009,2.444760084
928,Central African Republic,CAF,2010,2.558259964
942,Chad,TCD,2000,0.831040025
943,Chad,TCD,2001,0.8252900240000001
944,Chad,TCD,2003,0.922919989
945,Chad,TCD,2004,1.206529975
946,Chad,TCD,2005,1.420560002
947,Chad,TCD,2008,1.945860028
948,Chad,TCD,2009,2.013149977
949,Chad,TCD,2010,2.101419926
979,Chile,CHL,2000,37.14741898
980,Chile,CHL,2002,41.74811935
981,Chile,CHL,2003,44.59429169
982,Chile,CHL,2004,44.75780869
983,Chile,CHL,2005,49.99465179
984,Chile,CHL,2006,48.61949921
985,Chile,CHL,2007,54.31214905
986,Chile,CHL,2008,57.25669098
987,Chile,CHL,2009,61.87060165
988,Chile,CHL,2010,69.67411041
1019,China,CHN,2000,7.720479965
1020,China,CHN,2001,9.951310158
1021,China,CHN,2002,12.79104042
1022,China,CHN,2003,15.63580036
1023,China,CHN,2004,17.91102982
1024,China,CHN,2005,19.3358593
1025,China,CHN,2006,20.4976902
1026,China,CHN,2007,20.84453011
1027,China,CHN,2008,20.93997955
1028,China,CHN,2009,22.51596069
1029,China,CHN,2010,23.94791985
1064,Colombia,COL,2000,23.19449997
1065,Colombia,COL,2001,23.92045975
1066,Colombia,COL,2002,23.96557045
1067,Colombia,COL,2004,26.61447906
1068,Colombia,COL,2005,29.18512917
1069,Colombia,COL,2006,31.33164024
1070,Colombia,COL,2007,32.63217163
1071,Colombia,COL,2008,35.24565125
1072,Colombia,COL,2009,37.07862854
1073,Colombia,COL,2010,39.40909958
1083,Comoros,COM,2000,1.41455996
1084,Comoros,COM,2003,3.016330004
1085,Comoros,COM,2007,4.053860188
1086,Comoros,COM,2009,5.800899982000001
1087,Comoros,COM,2010,5.699810028
1116,Congo,COG,2000,5.1889801030000005
1117,Congo,COG,2001,4.343570232
1118,Congo,COG,2002,3.8817799089999996
1119,Congo,COG,2003,3.885360003
1120,Congo,COG,2009,6.553949833
1143,Costa Rica,CRI,2004,27.28141975
1168,Cote d'Ivoire,CIV,2007,9.418549537999999
1169,Cote d'Ivoire,CIV,2008,8.91781044
1170,Cote d'Ivoire,CIV,2009,8.778490067
1171,Cote d'Ivoire,CIV,2010,8.069169998
1187,Croatia,HRV,2000,32.38159943
1188,Croatia,HRV,2001,35.13301849
1189,Croatia,HRV,2002,37.91397095
1190,Croatia,HRV,2003,40.76137161
1191,Croatia,HRV,2004,42.04595184
1192,Croatia,HRV,2005,44.752491
1193,Croatia,HRV,2006,45.585289
1194,Croatia,HRV,2007,47.23212051
1195,Croatia,HRV,2008,49.33739853
1196,Croatia,HRV,2009,49.1482811
1197,Croatia,HRV,2010,54.67232132
1230,Cuba,CUB,2000,22.36265945
1231,Cuba,CUB,2001,25.57953072
1232,Cuba,CUB,2002,27.35268021
1233,Cuba,CUB,2003,33.14498901
1234,Cuba,CUB,2004,54.39498138
1235,Cuba,CUB,2005,62.86386108
1236,Cuba,CUB,2006,87.65174103
1237,Cuba,CUB,2007,107.44696809999999
1238,Cuba,CUB,2008,119.7787476
1239,Cuba,CUB,2009,116.8554916
1240,Cuba,CUB,2010,97.05809784
1271,Cyprus,CYP,2000,19.56232071
1272,Cyprus,CYP,2001,21.61252022
1273,Cyprus,CYP,2002,25.102289199999998
1274,Cyprus,CYP,2003,31.9636097
1275,Cyprus,CYP,2004,35.86368942
1276,Cyprus,CYP,2005,33.22082138
1277,Cyprus,CYP,2006,33.41991043
1278,Cyprus,CYP,2007,36.17380905
1279,Cyprus,CYP,2008,42.61800003
1280,Cyprus,CYP,2009,52.00389099
1281,Cyprus,CYP,2010,48.31158066
1315,Czech Republic,CZE,2000,28.4217701
1316,Czech Republic,CZE,2001,30.05195045
1317,Czech Republic,CZE,2002,34.52164841
1318,Czech Republic,CZE,2003,37.09241104
1319,Czech Republic,CZE,2004,43.82500076
1320,Czech Republic,CZE,2005,48.4405899
1321,Czech Republic,CZE,2006,50.22108841
1322,Czech Republic,CZE,2007,54.25680923
1323,Czech Republic,CZE,2008,58.14141083
1324,Czech Republic,CZE,2009,61.14725876
1325,Czech Republic,CZE,2010,64.01898193
1353,Democratic Republic of Congo,COD,2006,4.385019778999999
1354,Democratic Republic of Congo,COD,2007,4.392479897
1355,Democratic Republic of Congo,COD,2008,5.505159855
1356,Democratic Republic of Congo,COD,2009,6.5025701520000005
1388,Denmark,DNK,2000,57.249298100000004
1389,Denmark,DNK,2001,60.02825928
1390,Denmark,DNK,2002,63.53427124
1391,Denmark,DNK,2003,67.53456116
1392,Denmark,DNK,2004,74.43656921
1393,Denmark,DNK,2005,80.42349243
1394,Denmark,DNK,2006,79.06494141
1395,Denmark,DNK,2007,78.58489227
1396,Denmark,DNK,2008,75.70343781
1397,Denmark,DNK,2009,74.30094147
1398,Denmark,DNK,2010,73.61965179
1409,Djibouti,DJI,2000,0.268000007
1410,Djibouti,DJI,2001,0.69283998
1411,Djibouti,DJI,2002,1.021319985
1412,Djibouti,DJI,2003,1.281039953
1413,Djibouti,DJI,2004,1.597790003
1414,Djibouti,DJI,2005,2.335350037
1415,Djibouti,DJI,2006,2.55279994
1416,Djibouti,DJI,2007,2.756020069
1417,Djibouti,DJI,2008,2.7563700680000003
1418,Djibouti,DJI,2009,3.437510014
1419,Djibouti,DJI,2010,3.441509962
1434,Dominican Republic,DOM,2003,33.32450867
1467,East Asia & Pacific,,2000,11.49357033
1468,East Asia & Pacific,,2001,13.09436035
1469,East Asia & Pacific,,2002,15.0710001
1470,East Asia & Pacific,,2003,17.07506943
1471,East Asia & Pacific,,2004,18.73700905
1472,East Asia & Pacific,,2005,19.90203094
1473,East Asia & Pacific,,2006,20.75941086
1474,East Asia & Pacific,,2007,21.3263607
1475,East Asia & Pacific,,2008,21.86499977
1476,East Asia & Pacific,,2009,23.35257912
1477,East Asia & Pacific,,2010,24.74809074
1512,East Asia & Pacific (all income levels),,2000,15.48797035
1513,East Asia & Pacific (all income levels),,2001,17.06562042
1514,East Asia & Pacific (all income levels),,2002,19.0017395
1515,East Asia & Pacific (all income levels),,2003,20.82287979
1516,East Asia & Pacific (all income levels),,2004,22.33647919
1517,East Asia & Pacific (all income levels),,2005,23.31907082
1518,East Asia & Pacific (all income levels),,2006,24.02511978
1519,East Asia & Pacific (all income levels),,2007,24.46571922
1520,East Asia & Pacific (all income levels),,2008,24.98200989
1521,East Asia & Pacific (all income levels),,2009,26.39163017
1522,East Asia & Pacific (all income levels),,2010,27.77983093
1545,Ecuador,ECU,2008,38.68355179
1570,Egypt,EGY,2001,29.579759600000003
1571,Egypt,EGY,2002,30.53313065
1572,Egypt,EGY,2003,27.35322952
1573,Egypt,EGY,2004,28.53964043
1574,Egypt,EGY,2005,29.72220993
1575,Egypt,EGY,2006,29.42542076
1576,Egypt,EGY,2007,29.7148304
1577,Egypt,EGY,2008,29.39896965
1578,Egypt,EGY,2009,29.94858932
1579,Egypt,EGY,2010,30.89981079
1606,El Salvador,SLV,2000,21.63936043
1607,El Salvador,SLV,2001,20.78668976
1608,El Salvador,SLV,2002,21.49571037
1609,El Salvador,SLV,2003,22.12166023
1610,El Salvador,SLV,2004,22.77890968
1611,El Salvador,SLV,2005,23.04487991
1612,El Salvador,SLV,2006,23.27095985
1613,El Salvador,SLV,2007,24.34089088
1614,El Salvador,SLV,2008,25.17845917
1615,El Salvador,SLV,2009,25.73414993
1616,El Salvador,SLV,2010,26.359010700000002
1623,Equatorial Guinea,GNQ,2000,3.234750032
1628,Eritrea,ERI,2000,1.137060046
1629,Eritrea,ERI,2001,1.4179199930000002
1630,Eritrea,ERI,2002,1.32099998
1631,Eritrea,ERI,2004,1.02662003
1632,Eritrea,ERI,2009,1.920629978
1633,Eritrea,ERI,2010,2.3296699519999997
1649,Estonia,EST,2000,54.54351044
1650,Estonia,EST,2001,58.66144179999999
1651,Estonia,EST,2002,61.53408813
1652,Estonia,EST,2003,64.39517212
1653,Estonia,EST,2004,66.18250275
1654,Estonia,EST,2005,67.91416931
1655,Estonia,EST,2006,67.86591339
1656,Estonia,EST,2007,67.67006683
1657,Estonia,EST,2008,66.44313812
1658,Estonia,EST,2009,66.63710785
1659,Estonia,EST,2010,68.18856049
1687,Ethiopia,ETH,2000,1.188120008
1688,Ethiopia,ETH,2001,1.470209956
1689,Ethiopia,ETH,2002,1.643769979
1690,Ethiopia,ETH,2003,2.289079905
1691,Ethiopia,ETH,2004,2.560800076
1692,Ethiopia,ETH,2005,2.751620054
1693,Ethiopia,ETH,2008,3.536530018
1694,Ethiopia,ETH,2009,5.24737978
1695,Ethiopia,ETH,2010,7.332290173
1729,Euro area,,2000,52.34072113
1730,Euro area,,2001,54.14667892
1731,Euro area,,2002,55.32801819
1732,Euro area,,2003,57.23781967
1733,Euro area,,2004,59.00296021
1734,Euro area,,2005,60.35636139
1735,Euro area,,2006,61.34120941
1736,Euro area,,2007,61.77883148
1737,Euro area,,2008,62.604858400000005
1738,Euro area,,2009,63.78839874
1739,Euro area,,2010,65.68647003
1774,Europe & Central Asia,,2000,38.79758835
1775,Europe & Central Asia,,2001,41.9612999
1776,Europe & Central Asia,,2002,45.07278824
1777,Europe & Central Asia,,2003,48.23458099
1778,Europe & Central Asia,,2004,49.29449081
1779,Europe & Central Asia,,2005,51.37348175
1780,Europe & Central Asia,,2006,53.2892189
1781,Europe & Central Asia,,2007,54.66516876
1782,Europe & Central Asia,,2008,55.6546402
1783,Europe & Central Asia,,2009,56.73735809
1784,Europe & Central Asia,,2010,57.99831009
1819,Europe & Central Asia (all income levels),,2000,45.06764984
1820,Europe & Central Asia (all income levels),,2001,47.6705513
1821,Europe & Central Asia (all income levels),,2002,50.19638062
1822,Europe & Central Asia (all income levels),,2003,52.74497986
1823,Europe & Central Asia (all income levels),,2004,54.00104141
1824,Europe & Central Asia (all income levels),,2005,55.730041500000006
1825,Europe & Central Asia (all income levels),,2006,57.14422989
1826,Europe & Central Asia (all income levels),,2007,58.05522156
1827,Europe & Central Asia (all income levels),,2008,58.81887817
1828,Europe & Central Asia (all income levels),,2009,59.93600845
1829,Europe & Central Asia (all income levels),,2010,61.45275116
1864,European Union,,2000,50.03717041
1865,European Union,,2001,52.29299927
1866,European Union,,2002,54.35108948
1867,European Union,,2003,56.42882156
1868,European Union,,2004,58.08087158
1869,European Union,,2005,59.66952896
1870,European Union,,2006,60.86497116
1871,European Union,,2007,61.64891052
1872,European Union,,2008,62.62083817
1873,European Union,,2009,63.95024872
1874,European Union,,2010,65.49324799
1893,Fiji,FJI,2003,15.77713013
1894,Fiji,FJI,2004,15.95223045
1895,Fiji,FJI,2005,16.13710022
1925,Finland,FIN,2000,82.43907166
1926,Finland,FIN,2001,84.43052673
1927,Finland,FIN,2002,84.95935059
1928,Finland,FIN,2003,87.07688141
1929,Finland,FIN,2004,89.66361237
1930,Finland,FIN,2005,91.8286438
1931,Finland,FIN,2006,93.28768158
1932,Finland,FIN,2007,93.97794342
1933,Finland,FIN,2008,95.07446289
1934,Finland,FIN,2009,91.82949829
1935,Finland,FIN,2010,94.11914063
1968,France,FRA,2000,54.42876053
1969,France,FRA,2001,54.37136078
1970,France,FRA,2002,53.37950897
1971,France,FRA,2003,54.81666183
1972,France,FRA,2004,55.21836089999999
1973,France,FRA,2005,55.43880844
1974,France,FRA,2006,55.47608948
1975,France,FRA,2007,54.82254028
1976,France,FRA,2008,54.51990891
1977,France,FRA,2009,54.93870926
1978,France,FRA,2010,57.12707901
2000,Gabon,GAB,2001,8.126290321
2001,Gabon,GAB,2003,8.435400009
2004,Gambia,GMB,2004,1.151569963
2005,Gambia,GMB,2010,2.1729700569999997
2014,Georgia,GEO,2000,37.79901886
2015,Georgia,GEO,2001,38.91862106
2016,Georgia,GEO,2002,41.25574875
2017,Georgia,GEO,2003,42.74914932
2018,Georgia,GEO,2004,42.15422821
2019,Georgia,GEO,2005,46.52817917
2020,Georgia,GEO,2006,37.96023178
2021,Georgia,GEO,2007,36.93210983
2022,Georgia,GEO,2008,34.27521133
2023,Georgia,GEO,2009,25.55072975
2024,Georgia,GEO,2010,28.92168045
2049,Ghana,GHA,2005,5.7068200110000005
2050,Ghana,GHA,2006,5.120739937
2051,Ghana,GHA,2007,6.351540088999999
2052,Ghana,GHA,2008,8.426730156
2053,Ghana,GHA,2009,8.790949821
2087,Greece,GRC,2000,51.51860046
2088,Greece,GRC,2001,59.19155121
2089,Greece,GRC,2002,66.81391144
2090,Greece,GRC,2003,72.29617309999999
2091,Greece,GRC,2004,78.48364258
2092,Greece,GRC,2005,87.0911026
2093,Greece,GRC,2006,90.77529907
2094,Greece,GRC,2007,87.35135651
2095,Greece,GRC,2010,102.7308731
2104,Grenada,GRD,2009,52.77733994
2122,Guatemala,GTM,2002,8.796480179
2123,Guatemala,GTM,2007,16.93120003
2149,Guinea,GIN,2004,2.140660048
2150,Guinea,GIN,2005,2.881119967
2151,Guinea,GIN,2006,5.030360222
2152,Guinea,GIN,2007,7.81633997
2153,Guinea,GIN,2008,8.909799576000001
2154,Guinea,GIN,2009,9.023599625
2155,Guinea,GIN,2010,10.26004982
2161,Guinea-Bissau,GNB,2005,2.167779922
2162,Guinea-Bissau,GNB,2006,2.501369953
2181,Guyana,GUY,2003,7.854829787999999
2182,Guyana,GUY,2004,11.70956993
2183,Guyana,GUY,2005,12.87434959
2184,Guyana,GUY,2006,13.686929699999999
2185,Guyana,GUY,2007,14.15256977
2186,Guyana,GUY,2008,13.44324017
2187,Guyana,GUY,2009,12.5173502
2188,Guyana,GUY,2010,13.06637955
2230,Heavily indebted poor countries (HIPC),,2000,3.443380117
2231,Heavily indebted poor countries (HIPC),,2001,3.747200012
2232,Heavily indebted poor countries (HIPC),,2002,4.011119843
2233,Heavily indebted poor countries (HIPC),,2003,4.2432098389999995
2234,Heavily indebted poor countries (HIPC),,2004,4.535999775
2235,Heavily indebted poor countries (HIPC),,2005,4.815310001
2236,Heavily indebted poor countries (HIPC),,2006,5.14041996
2237,Heavily indebted poor countries (HIPC),,2007,5.411980152000001
2238,Heavily indebted poor countries (HIPC),,2008,5.896160126
2239,Heavily indebted poor countries (HIPC),,2009,6.468420029
2240,Heavily indebted poor countries (HIPC),,2010,7.093299866000001
2275,High income,,2000,56.01499176
2276,High income,,2001,57.71604156
2277,High income,,2002,61.96448135
2278,High income,,2003,63.72068024
2279,High income,,2004,64.75370026
2280,High income,,2005,65.78530121
2281,High income,,2006,66.37021637
2282,High income,,2007,67.04886627
2283,High income,,2008,68.14878082
2284,High income,,2009,69.97589111
2285,High income,,2010,72.97827911
2314,Honduras,HND,2000,13.81764984
2315,Honduras,HND,2003,17.00469971
2316,Honduras,HND,2004,17.05581093
2317,Honduras,HND,2008,18.79223061
2318,Honduras,HND,2010,20.65419006
2337,Hong Kong,HKG,2003,31.31263924
2338,Hong Kong,HKG,2004,31.32427025
2339,Hong Kong,HKG,2005,32.30270004
2340,Hong Kong,HKG,2006,33.20819092
2341,Hong Kong,HKG,2007,41.4968605
2342,Hong Kong,HKG,2008,54.39400101
2343,Hong Kong,HKG,2009,55.43484879
2344,Hong Kong,HKG,2010,58.48680878
2378,Hungary,HUN,2000,35.93188095
2379,Hungary,HUN,2001,39.6877594
2380,Hungary,HUN,2002,44.56143951
2381,Hungary,HUN,2003,52.28739929
2382,Hungary,HUN,2004,60.15528107
2383,Hungary,HUN,2005,65.10653687
2384,Hungary,HUN,2006,67.61630249
2385,Hungary,HUN,2007,67.34326172
2386,Hungary,HUN,2008,64.46910095
2387,Hungary,HUN,2009,61.70100021
2388,Hungary,HUN,2010,60.36822128
2421,Iceland,ISL,2000,45.48106003
2422,Iceland,ISL,2001,47.63999176
2423,Iceland,ISL,2002,54.05001831
2424,Iceland,ISL,2003,62.17449951
2425,Iceland,ISL,2004,68.41223907
2426,Iceland,ISL,2005,70.37673187
2427,Iceland,ISL,2006,72.66465759
2428,Iceland,ISL,2007,71.72129059
2429,Iceland,ISL,2008,74.10327911
2430,Iceland,ISL,2009,74.32348633
2431,Iceland,ISL,2010,78.35315704
2455,India,IND,2000,9.547439575
2456,India,IND,2001,9.73581028
2457,India,IND,2002,10.22144985
2458,India,IND,2003,10.67383957
2459,India,IND,2004,10.98427963
2460,India,IND,2005,10.73015976
2461,India,IND,2006,11.54055977
2462,India,IND,2007,13.18877029
2463,India,IND,2008,15.11709976
2464,India,IND,2009,16.1029892
2465,India,IND,2010,17.91148949
2498,Indonesia,IDN,2000,14.87967968
2499,Indonesia,IDN,2001,14.18721008
2500,Indonesia,IDN,2002,14.81107044
2501,Indonesia,IDN,2003,16.02807999
2502,Indonesia,IDN,2004,16.61841011
2503,Indonesia,IDN,2005,17.25680923
2504,Indonesia,IDN,2006,17.31292915
2505,Indonesia,IDN,2007,17.81677055
2506,Indonesia,IDN,2008,20.70027924
2507,Indonesia,IDN,2009,23.05732918
2508,Indonesia,IDN,2010,24.19967079
2524,Iran,IRN,2000,19.34914017
2525,Iran,IRN,2001,20.38730049
2526,Iran,IRN,2002,19.20999908
2527,Iran,IRN,2003,19.94828033
2528,Iran,IRN,2004,21.77252007
2529,Iran,IRN,2005,22.87607956
2530,Iran,IRN,2006,25.19457054
2531,Iran,IRN,2007,29.67996979
2532,Iran,IRN,2008,35.98199081
2533,Iran,IRN,2009,36.35739899
2534,Iran,IRN,2010,42.60557175
2559,Iraq,IRQ,2000,12.08990955
2560,Iraq,IRQ,2002,12.78602982
2561,Iraq,IRQ,2004,15.93052959
2562,Iraq,IRQ,2005,16.05736923
2592,Ireland,IRL,2000,46.23575974
2593,Ireland,IRL,2001,47.65882111
2594,Ireland,IRL,2002,49.87157059
2595,Ireland,IRL,2003,51.29365921
2596,Ireland,IRL,2004,53.71910095
2597,Ireland,IRL,2005,54.24356842
2598,Ireland,IRL,2006,55.62070084
2599,Ireland,IRL,2007,57.83610153
2600,Ireland,IRL,2008,55.31256866
2601,Ireland,IRL,2009,57.83029938
2602,Ireland,IRL,2010,63.05442047
2629,Israel,ISR,2000,49.47153091
2630,Israel,ISR,2001,51.78588867
2631,Israel,ISR,2002,56.79785156
2632,Israel,ISR,2003,56.76602936
2633,Israel,ISR,2004,56.48984146
2634,Israel,ISR,2005,58.07997894
2635,Israel,ISR,2006,57.67433929
2636,Israel,ISR,2007,60.53205872
2637,Israel,ISR,2008,59.75865173
2638,Israel,ISR,2009,62.45764923
2671,Italy,ITA,2000,49.3512001
2672,Italy,ITA,2001,52.27930832
2673,Italy,ITA,2002,54.94989014
2674,Italy,ITA,2003,58.14881897
2675,Italy,ITA,2004,61.81431961
2676,Italy,ITA,2005,64.08506775
2677,Italy,ITA,2006,65.7742691
2678,Italy,ITA,2007,66.59060669
2679,Italy,ITA,2008,66.44168091
2680,Italy,ITA,2009,66.81194305
2681,Italy,ITA,2010,66.20427704
2696,Jamaica,JAM,2000,15.42751026
2697,Jamaica,JAM,2001,18.0315609
2698,Jamaica,JAM,2002,19.02770042
2699,Jamaica,JAM,2003,21.34225082
2700,Jamaica,JAM,2004,21.54731941
2701,Jamaica,JAM,2005,19.43955994
2702,Jamaica,JAM,2006,19.14834023
2703,Jamaica,JAM,2008,23.89436913
2704,Jamaica,JAM,2009,23.74222946
2705,Jamaica,JAM,2010,27.17466927
2735,Japan,JPN,2000,48.7365303
2736,Japan,JPN,2001,49.91418839
2737,Japan,JPN,2002,50.70753098
2738,Japan,JPN,2003,51.8357811
2739,Japan,JPN,2004,53.57675934
2740,Japan,JPN,2005,54.97097015
2741,Japan,JPN,2006,57.10589981
2742,Japan,JPN,2007,57.81534958
2743,Japan,JPN,2008,57.6390686
2744,Japan,JPN,2009,57.67834091
2745,Japan,JPN,2010,58.07524109
2776,Jordan,JOR,2000,28.31962013
2777,Jordan,JOR,2002,30.6953907
2778,Jordan,JOR,2003,34.330928799999995
2779,Jordan,JOR,2004,38.78591156
2780,Jordan,JOR,2005,38.87668991
2781,Jordan,JOR,2006,38.81483078
2782,Jordan,JOR,2007,40.43994904
2783,Jordan,JOR,2008,43.78174973
2784,Jordan,JOR,2009,44.87424088
2785,Jordan,JOR,2010,40.50038147
2799,Kazakhstan,KAZ,2000,31.74863052
2800,Kazakhstan,KAZ,2006,58.03036118
2801,Kazakhstan,KAZ,2010,46.04590988
2823,Kenya,KEN,2000,2.747859955
2824,Kenya,KEN,2001,2.815229893
2825,Kenya,KEN,2002,2.8241600989999998
2826,Kenya,KEN,2004,2.9214499
2827,Kenya,KEN,2005,2.966229916
2828,Kenya,KEN,2009,4.046820164
2856,Kuwait,KWT,2001,23.91443062
2857,Kuwait,KWT,2002,22.88462067
2858,Kuwait,KWT,2003,21.38511086
2859,Kuwait,KWT,2004,20.36401939
2874,Kyrgyzstan,KGZ,2000,34.84011078
2875,Kyrgyzstan,KGZ,2001,40.18545914
2876,Kyrgyzstan,KGZ,2002,43.1482811
2877,Kyrgyzstan,KGZ,2003,40.58396149
2878,Kyrgyzstan,KGZ,2004,40.47251892
2879,Kyrgyzstan,KGZ,2005,42.33118820000001
2880,Kyrgyzstan,KGZ,2006,43.39702988
2881,Kyrgyzstan,KGZ,2007,42.79534149
2882,Kyrgyzstan,KGZ,2008,46.58518982
2883,Kyrgyzstan,KGZ,2009,44.21347046
2884,Kyrgyzstan,KGZ,2010,42.02531052
2909,Laos,LAO,2000,2.686769962
2910,Laos,LAO,2001,3.099319935
2911,Laos,LAO,2002,4.16050005
2912,Laos,LAO,2003,4.948019981
2913,Laos,LAO,2004,5.7636199
2914,Laos,LAO,2005,7.821959972
2915,Laos,LAO,2006,9.005209922999999
2916,Laos,LAO,2007,11.50055981
2917,Laos,LAO,2008,13.25111961
2918,Laos,LAO,2009,16.22262955
2919,Laos,LAO,2010,16.35676003
2954,Latin America & Caribbean,,2000,21.95021057
2955,Latin America & Caribbean,,2001,23.59410095
2956,Latin America & Caribbean,,2002,25.412090300000003
2957,Latin America & Caribbean,,2003,27.10923004
2958,Latin America & Caribbean,,2004,28.46656036
2959,Latin America & Caribbean,,2005,29.95615005
2960,Latin America & Caribbean,,2006,32.40758133
2961,Latin America & Caribbean,,2007,34.5281105
2962,Latin America & Caribbean,,2008,37.59854889
2963,Latin America & Caribbean,,2009,38.62154007
2964,Latin America & Caribbean,,2010,39.42041016
2999,Latin America & Caribbean (all income levels),,2000,22.64496994
3000,Latin America & Caribbean (all income levels),,2001,24.29418945
3001,Latin America & Caribbean (all income levels),,2002,26.10767937
3002,Latin America & Caribbean (all income levels),,2003,27.81866074
3003,Latin America & Caribbean (all income levels),,2004,29.13989067
3004,Latin America & Caribbean (all income levels),,2005,30.72009087
3005,Latin America & Caribbean (all income levels),,2006,33.05340958
3006,Latin America & Caribbean (all income levels),,2007,35.32818985
3007,Latin America & Caribbean (all income levels),,2008,38.40111923
3008,Latin America & Caribbean (all income levels),,2009,39.52648163
3009,Latin America & Caribbean (all income levels),,2010,40.51116943
3033,Latvia,LVA,2000,56.63658142
3034,Latvia,LVA,2001,63.30484009
3035,Latvia,LVA,2002,67.72492981
3036,Latvia,LVA,2003,72.41555786
3037,Latvia,LVA,2004,77.2820282
3038,Latvia,LVA,2005,78.87445068
3039,Latvia,LVA,2006,78.95481873
3040,Latvia,LVA,2007,77.97312927
3041,Latvia,LVA,2008,77.14929199
3042,Latvia,LVA,2009,76.58705902
3043,Latvia,LVA,2010,70.43009186
3078,Least developed countries: UN classification,,2000,3.732470036
3079,Least developed countries: UN classification,,2001,4.208459854
3080,Least developed countries: UN classification,,2002,4.301819801000001
3081,Least developed countries: UN classification,,2003,4.457799911
3082,Least developed countries: UN classification,,2004,4.529520035
3083,Least developed countries: UN classification,,2005,4.885109901
3084,Least developed countries: UN classification,,2006,5.3383398060000005
3085,Least developed countries: UN classification,,2007,5.758299827999999
3086,Least developed countries: UN classification,,2008,6.3797597889999995
3087,Least developed countries: UN classification,,2009,7.272870064
3088,Least developed countries: UN classification,,2010,8.081970215
3107,Lebanon,LBN,2000,38.30614853
3108,Lebanon,LBN,2001,43.40129852
3109,Lebanon,LBN,2002,44.83935165
3110,Lebanon,LBN,2003,42.9475708
3111,Lebanon,LBN,2004,43.48907852
3112,Lebanon,LBN,2005,44.12300873
3113,Lebanon,LBN,2006,44.1002388
3114,Lebanon,LBN,2007,46.91810989
3115,Lebanon,LBN,2008,48.88137054
3116,Lebanon,LBN,2009,48.99388885
3117,Lebanon,LBN,2010,48.41205978
3150,Lesotho,LSO,2000,2.314429998
3151,Lesotho,LSO,2001,2.5162699219999998
3152,Lesotho,LSO,2002,2.47954011
3153,Lesotho,LSO,2003,2.957540035
3154,Lesotho,LSO,2005,3.6733899119999998
3155,Lesotho,LSO,2006,3.881299973
3168,Liberia,LBR,2000,19.40065002
3169,Liberia,LBR,2010,9.298879623
3188,Libya,LBY,2000,48.83058167
3189,Libya,LBY,2001,54.18032837
3190,Libya,LBY,2002,59.21342087
3191,Libya,LBY,2003,61.13713074
3192,Liechtenstein,LIE,2003,20.70587921
3193,Liechtenstein,LIE,2004,24.60684967
3194,Liechtenstein,LIE,2006,29.81715965
3195,Liechtenstein,LIE,2007,31.62594032
3196,Liechtenstein,LIE,2008,36.7309494
3197,Liechtenstein,LIE,2009,34.4449501
3198,Liechtenstein,LIE,2010,36.01831055
3215,Lithuania,LTU,2000,50.263679499999995
3216,Lithuania,LTU,2001,55.75962067
3217,Lithuania,LTU,2002,61.15764999
3218,Lithuania,LTU,2003,68.86624908
3219,Lithuania,LTU,2004,75.03121948
3220,Lithuania,LTU,2005,80.37058258
3221,Lithuania,LTU,2006,81.86495972
3222,Lithuania,LTU,2007,82.56832886
3223,Lithuania,LTU,2008,85.1227417
3224,Lithuania,LTU,2009,88.46351624
3225,Lithuania,LTU,2010,85.66220856
3260,Low & middle income,,2000,13.21154022
3261,Low & middle income,,2001,14.26605034
3262,Low & middle income,,2002,15.45641041
3263,Low & middle income,,2003,16.60359955
3264,Low & middle income,,2004,17.4966507
3265,Low & middle income,,2005,18.25938034
3266,Low & middle income,,2006,19.17749023
3267,Low & middle income,,2007,20.17795944
3268,Low & middle income,,2008,21.29775047
3269,Low & middle income,,2009,22.30507088
3270,Low & middle income,,2010,23.5003891
3305,Low income,,2000,3.3144500260000003
3306,Low income,,2001,3.513639927
3307,Low income,,2002,3.742830038
3308,Low income,,2003,3.983550072
3309,Low income,,2004,4.202300072
3310,Low income,,2005,4.448579788
3311,Low income,,2006,4.694240093
3312,Low income,,2007,5.017960072
3313,Low income,,2008,5.414050102000001
3314,Low income,,2009,5.97247982
3315,Low income,,2010,6.662879944
3350,Lower middle income,,2000,11.31937027
3351,Lower middle income,,2001,11.59473991
3352,Lower middle income,,2002,12.04831028
3353,Lower middle income,,2003,12.39237022
3354,Lower middle income,,2004,12.85776043
3355,Lower middle income,,2005,13.15972042
3356,Lower middle income,,2006,13.76226044
3357,Lower middle income,,2007,14.81229973
3358,Lower middle income,,2008,16.13430977
3359,Lower middle income,,2009,17.04943085
3360,Lower middle income,,2010,18.24863052
3391,Luxembourg,LUX,2000,9.814339638
3392,Luxembourg,LUX,2001,10.21576977
3393,Luxembourg,LUX,2002,11.85052013
3394,Luxembourg,LUX,2003,12.18566036
3395,Luxembourg,LUX,2006,10.33119965
3396,Luxembourg,LUX,2008,10.61108017
3397,Luxembourg,LUX,2010,18.2751503
3408,Macao,MAC,2000,26.15346909
3409,Macao,MAC,2001,46.33209991
3410,Macao,MAC,2002,62.34413147
3411,Macao,MAC,2003,75.88896179
3412,Macao,MAC,2004,69.01683044
3413,Macao,MAC,2005,63.59637070000001
3414,Macao,MAC,2006,62.41725922
3415,Macao,MAC,2007,58.74042892
3416,Macao,MAC,2008,58.08509064
3417,Macao,MAC,2009,62.30128860000001
3418,Macao,MAC,2010,61.78807068
3444,Macedonia,MKD,2000,22.7719593
3445,Macedonia,MKD,2001,24.53260994
3446,Macedonia,MKD,2002,26.92806053
3447,Macedonia,MKD,2003,27.20605087
3448,Macedonia,MKD,2004,27.66789055
3449,Macedonia,MKD,2005,29.31302071
3450,Macedonia,MKD,2006,28.91387939
3451,Macedonia,MKD,2007,35.25331879
3452,Macedonia,MKD,2008,40.362308500000005
3453,Macedonia,MKD,2009,40.84035873
3454,Macedonia,MKD,2010,39.19731903
3484,Madagascar,MDG,2000,2.185129881
3485,Madagascar,MDG,2001,2.08039999
3486,Madagascar,MDG,2002,2.156359911
3487,Madagascar,MDG,2003,2.369689941
3488,Madagascar,MDG,2004,2.7472600939999996
3489,Madagascar,MDG,2005,2.8293900489999997
3490,Madagascar,MDG,2006,2.989389896
3491,Madagascar,MDG,2007,3.3378798960000005
3492,Madagascar,MDG,2008,3.243279934
3493,Madagascar,MDG,2009,3.4382998939999996
3494,Madagascar,MDG,2010,3.60552001
3523,Malawi,MWI,2000,0.33311998800000003
3524,Malawi,MWI,2001,0.373840004
3525,Malawi,MWI,2002,0.40209001299999997
3526,Malawi,MWI,2003,0.41163998799999996
3527,Malawi,MWI,2004,0.48471999200000004
3528,Malawi,MWI,2005,0.469570011
3529,Malawi,MWI,2006,0.48877999200000005
3530,Malawi,MWI,2007,0.48212999100000004
3531,Malawi,MWI,2010,0.692569971
3551,Malaysia,MYS,2000,25.74226952
3552,Malaysia,MYS,2001,25.04943085
3553,Malaysia,MYS,2002,27.41060066
3554,Malaysia,MYS,2003,30.53006935
3555,Malaysia,MYS,2004,29.96567917
3556,Malaysia,MYS,2005,27.91556931
3557,Malaysia,MYS,2006,28.57946014
3558,Malaysia,MYS,2007,30.24230957
3559,Malaysia,MYS,2008,33.70891953
3560,Malaysia,MYS,2009,35.72172165
3561,Malaysia,MYS,2010,37.13811111
3566,Maldives,MDV,2003,0.208169997
3567,Maldives,MDV,2007,10.9584198
3568,Maldives,MDV,2008,12.74713039
3593,Mali,MLI,2000,1.9174400569999999
3594,Mali,MLI,2001,2.055799961
3595,Mali,MLI,2002,2.068969965
3596,Mali,MLI,2008,5.315690041
3597,Mali,MLI,2009,5.861680031000001
3598,Mali,MLI,2010,6.044390202000001
3631,Malta,MLT,2000,21.26979065
3632,Malta,MLT,2001,25.31118965
3633,Malta,MLT,2002,25.47018051
3634,Malta,MLT,2003,32.21461868
3635,Malta,MLT,2004,28.79574966
3636,Malta,MLT,2005,34.79782867
3637,Malta,MLT,2006,32.76533127
3638,Malta,MLT,2007,36.20695877
3639,Malta,MLT,2008,35.38288879
3640,Malta,MLT,2009,39.34177017
3641,Malta,MLT,2010,41.77264023
3646,Marshall Islands,MHL,2002,16.27614021
3664,Mauritania,MRT,2001,3.38338995
3665,Mauritania,MRT,2002,2.974679947
3666,Mauritania,MRT,2003,3.16189003
3667,Mauritania,MRT,2004,3.1930499080000003
3668,Mauritania,MRT,2005,2.926480055
3669,Mauritania,MRT,2006,3.303679943
3670,Mauritania,MRT,2007,3.748519897
3671,Mauritania,MRT,2008,3.8339600560000004
3672,Mauritania,MRT,2009,3.908469915
3673,Mauritania,MRT,2010,4.434130192
3706,Mauritius,MUS,2000,11.03147984
3707,Mauritius,MUS,2001,17.10540962
3708,Mauritius,MUS,2002,15.84506989
3709,Mauritius,MUS,2003,16.5542202
3710,Mauritius,MUS,2004,17.82250977
3711,Mauritius,MUS,2005,21.35074043
3712,Mauritius,MUS,2006,23.598939899999998
3713,Mauritius,MUS,2007,24.64356041
3714,Mauritius,MUS,2008,27.33684921
3715,Mauritius,MUS,2009,32.19430923
3716,Mauritius,MUS,2010,33.69181824
3747,Mexico,MEX,2000,19.07382011
3748,Mexico,MEX,2001,19.86116982
3749,Mexico,MEX,2002,20.83576012
3750,Mexico,MEX,2003,21.7265892
3751,Mexico,MEX,2004,22.56221962
3752,Mexico,MEX,2005,23.12034035
3753,Mexico,MEX,2006,23.60796928
3754,Mexico,MEX,2007,24.14298058
3755,Mexico,MEX,2008,24.74860001
3756,Mexico,MEX,2009,25.19285965
3757,Mexico,MEX,2010,26.16643906
3768,Micronesia (country),FSM,2000,14.12185955
3799,Middle East & North Africa,,2000,19.90332985
3800,Middle East & North Africa,,2001,20.46820068
3801,Middle East & North Africa,,2002,20.81394005
3802,Middle East & North Africa,,2003,20.82085991
3803,Middle East & North Africa,,2004,22.09752083
3804,Middle East & North Africa,,2005,23.20158958
3805,Middle East & North Africa,,2006,24.07010078
3806,Middle East & North Africa,,2007,25.83962059
3807,Middle East & North Africa,,2008,28.07546043
3808,Middle East & North Africa,,2009,28.670629499999997
3809,Middle East & North Africa,,2010,30.42462921
3844,Middle East & North Africa (all income levels),,2000,20.40632057
3845,Middle East & North Africa (all income levels),,2001,21.05662918
3846,Middle East & North Africa (all income levels),,2002,21.43094063
3847,Middle East & North Africa (all income levels),,2003,21.62174988
3848,Middle East & North Africa (all income levels),,2004,22.85627937
3849,Middle East & North Africa (all income levels),,2005,23.92790031
3850,Middle East & North Africa (all income levels),,2006,24.74607086
3851,Middle East & North Africa (all income levels),,2007,26.346889500000003
3852,Middle East & North Africa (all income levels),,2008,28.28256035
3853,Middle East & North Africa (all income levels),,2009,28.89500046
3854,Middle East & North Africa (all income levels),,2010,30.83208084
3889,Middle income,,2000,14.10962963
3890,Middle income,,2001,15.26348972
3891,Middle income,,2002,16.56131935
3892,Middle income,,2003,17.81431961
3893,Middle income,,2004,18.78590012
3894,Middle income,,2005,19.60864067
3895,Middle income,,2006,20.59612083
3896,Middle income,,2007,21.66884995
3897,Middle income,,2008,22.87618065
3898,Middle income,,2009,23.95643997
3899,Middle income,,2010,25.24699974
3914,Moldova,MDA,2000,32.52967072
3915,Moldova,MDA,2001,31.72730064
3916,Moldova,MDA,2002,32.20523071
3917,Moldova,MDA,2003,33.29883957
3918,Moldova,MDA,2004,34.35557175
3919,Moldova,MDA,2005,36.09843063
3920,Moldova,MDA,2006,39.40245056
3921,Moldova,MDA,2007,41.20458984
3922,Moldova,MDA,2008,39.99850082
3923,Moldova,MDA,2009,38.29285812
3924,Moldova,MDA,2010,38.14535904
3958,Mongolia,MNG,2000,30.17597961
3959,Mongolia,MNG,2001,34.20265961
3960,Mongolia,MNG,2002,35.79769897
3961,Mongolia,MNG,2003,37.98134995
3962,Mongolia,MNG,2004,40.78588104
3963,Mongolia,MNG,2005,44.65570068
3964,Mongolia,MNG,2006,47.53390884
3965,Mongolia,MNG,2007,46.94842148
3966,Mongolia,MNG,2008,48.48249054
3967,Mongolia,MNG,2009,51.46968079
3968,Mongolia,MNG,2010,53.82302856
3973,Montenegro,MNE,2001,17.98434067
3974,Montenegro,MNE,2002,16.74744987
3975,Montenegro,MNE,2003,17.26545906
3976,Montenegro,MNE,2004,19.80759048
3977,Montenegro,MNE,2005,22.11444092
3978,Montenegro,MNE,2006,25.90443993
3979,Montenegro,MNE,2007,33.40839005
3980,Montenegro,MNE,2008,41.70698929
3981,Montenegro,MNE,2009,51.04156876
3982,Montenegro,MNE,2010,55.34458923
4009,Morocco,MAR,2000,10.164179800000001
4010,Morocco,MAR,2001,10.41518021
4011,Morocco,MAR,2002,10.44859028
4012,Morocco,MAR,2003,10.85019016
4013,Morocco,MAR,2004,11.01019001
4014,Morocco,MAR,2005,11.72412968
4015,Morocco,MAR,2006,12.33399963
4016,Morocco,MAR,2007,11.85949993
4017,Morocco,MAR,2008,13.00512981
4018,Morocco,MAR,2009,13.53075027
4019,Morocco,MAR,2010,14.41401958
4040,Mozambique,MOZ,2000,0.678759992
4041,Mozambique,MOZ,2003,0.897199988
4042,Mozambique,MOZ,2004,1.130789995
4043,Mozambique,MOZ,2005,1.4056600330000002
4044,Mozambique,MOZ,2008,3.513659954
4045,Mozambique,MOZ,2009,3.799570084
4046,Mozambique,MOZ,2010,4.538599968
4073,Myanmar,MMR,2001,10.56917
4074,Myanmar,MMR,2007,10.55368042
4082,Namibia,NAM,2001,7.033219814
4083,Namibia,NAM,2002,5.799280167
4084,Namibia,NAM,2003,6.161950111
4085,Namibia,NAM,2005,6.872859955
4086,Namibia,NAM,2006,6.557650089
4087,Namibia,NAM,2008,9.330080032
4110,Nepal,NPL,2000,4.222229958
4111,Nepal,NPL,2001,4.534770012
4112,Nepal,NPL,2002,5.247310162
4113,Nepal,NPL,2003,5.327620029
4114,Nepal,NPL,2004,6.281119822999999
4115,Nepal,NPL,2005,7.9487299920000005
4116,Nepal,NPL,2006,8.470979691
4117,Nepal,NPL,2007,10.38358974
4118,Nepal,NPL,2008,11.34410954
4119,Nepal,NPL,2009,11.2780304
4120,Nepal,NPL,2010,14.40431023
4151,Netherlands,NLD,2000,53.00037003
4152,Netherlands,NLD,2001,55.09716034
4153,Netherlands,NLD,2002,56.18806839
4154,Netherlands,NLD,2003,56.79526901
4155,Netherlands,NLD,2004,58.05326843
4156,Netherlands,NLD,2005,59.7521019
4157,Netherlands,NLD,2006,60.63880157
4158,Netherlands,NLD,2007,60.94604111
4159,Netherlands,NLD,2008,61.44710159
4160,Netherlands,NLD,2009,62.43471146
4161,Netherlands,NLD,2010,65.15872192
4194,New Zealand,NZL,2000,66.19217682
4195,New Zealand,NZL,2001,66.59294128
4196,New Zealand,NZL,2002,67.27667999
4197,New Zealand,NZL,2003,68.98010254
4198,New Zealand,NZL,2004,83.60092926
4199,New Zealand,NZL,2005,80.64161682
4200,New Zealand,NZL,2006,78.68379211
4201,New Zealand,NZL,2007,78.9203186
4202,New Zealand,NZL,2008,78.03153992
4203,New Zealand,NZL,2009,82.60359192
4204,New Zealand,NZL,2010,82.51750183
4230,Nicaragua,NIC,2002,17.20339012
4248,Niger,NER,2003,0.95964998
4249,Niger,NER,2004,0.9305899740000001
4250,Niger,NER,2005,1.123389959
4251,Niger,NER,2006,1.1397700309999999
4252,Niger,NER,2007,1.059219956
4253,Niger,NER,2008,1.195559978
4254,Niger,NER,2009,1.429530025
4255,Niger,NER,2010,1.47021997
4274,Nigeria,NGA,2003,9.640780449
4275,Nigeria,NGA,2004,9.853159904
4276,Nigeria,NGA,2005,10.40532017
4307,North America,,2000,67.24054718
4308,North America,,2001,68.00734711
4309,North America,,2002,77.37631989
4310,North America,,2003,79.17449188
4311,North America,,2004,79.31575775
4312,North America,,2005,79.88397217
4313,North America,,2006,79.86456299
4314,North America,,2007,80.73320007
4315,North America,,2008,82.5030899
4316,North America,,2009,85.71922302
4317,North America,,2010,90.80854797
4322,North Korea,PRK,2009,30.86080933
4353,Norway,NOR,2000,69.34229279
4354,Norway,NOR,2001,70.27973938
4355,Norway,NOR,2002,73.37283325
4356,Norway,NOR,2003,79.1078186
4357,Norway,NOR,2004,79.26380157
4358,Norway,NOR,2005,78.55130768
4359,Norway,NOR,2006,77.68350983
4360,Norway,NOR,2007,75.40956879
4361,Norway,NOR,2008,72.33717346
4362,Norway,NOR,2009,72.70646667
4363,Norway,NOR,2010,72.88691711
4398,OECD members,,2000,50.71551895
4399,OECD members,,2001,52.21963882
4400,OECD members,,2002,56.09115982
4401,OECD members,,2003,57.92805862
4402,OECD members,,2004,58.97589111
4403,OECD members,,2005,60.10773087
4404,OECD members,,2006,60.97320175
4405,OECD members,,2007,61.80017853
4406,OECD members,,2008,62.74021149
4407,OECD members,,2009,64.81571198
4408,OECD members,,2010,68.05444336
4435,Oman,OMN,2003,15.11256981
4436,Oman,OMN,2004,16.66679955
4437,Oman,OMN,2005,18.93490028
4438,Oman,OMN,2006,21.27943993
4439,Oman,OMN,2007,21.50674057
4440,Oman,OMN,2008,21.09099007
4441,Oman,OMN,2009,24.68046951
4442,Oman,OMN,2010,25.13838959
4459,Pakistan,PAK,2003,2.7301499839999996
4460,Pakistan,PAK,2004,3.41546011
4461,Pakistan,PAK,2005,4.941559792
4462,Pakistan,PAK,2006,4.993289948
4463,Pakistan,PAK,2007,5.630730152000001
4464,Pakistan,PAK,2008,5.606389999
4465,Pakistan,PAK,2009,6.929669857
4470,Palau,PLW,2001,37.03704071
4471,Palau,PLW,2002,37.87166977
4477,Palestine,PSE,2000,23.91647911
4478,Palestine,PSE,2001,26.24567986
4479,Palestine,PSE,2002,28.27061081
4480,Palestine,PSE,2003,32.5293808
4481,Palestine,PSE,2004,37.07392883
4482,Palestine,PSE,2005,40.91577148
4483,Palestine,PSE,2006,43.13465118
4484,Palestine,PSE,2007,46.94047928
4485,Palestine,PSE,2008,48.16286087
4486,Palestine,PSE,2009,46.52759933
4487,Palestine,PSE,2010,47.8535614
4521,Panama,PAN,2000,41.33757019
4522,Panama,PAN,2001,40.83679962
4523,Panama,PAN,2002,40.41368866
4524,Panama,PAN,2003,44.26295853
4525,Panama,PAN,2004,43.32154846
4526,Panama,PAN,2005,42.08123016
4527,Panama,PAN,2006,43.07707977
4528,Panama,PAN,2007,43.22060013
4529,Panama,PAN,2008,43.38415146
4530,Panama,PAN,2009,43.36943817
4531,Panama,PAN,2010,44.36479187
4567,Paraguay,PRY,2000,15.94626045
4568,Paraguay,PRY,2001,17.92789078
4569,Paraguay,PRY,2002,26.31949043
4570,Paraguay,PRY,2003,25.02930069
4571,Paraguay,PRY,2004,25.26810074
4572,Paraguay,PRY,2005,25.89106941
4573,Paraguay,PRY,2007,29.05051994
4574,Paraguay,PRY,2008,34.48931122
4575,Paraguay,PRY,2009,37.14395905
4576,Paraguay,PRY,2010,35.08084869
4605,Peru,PER,2000,34.59746933
4606,Peru,PER,2001,31.18767929
4607,Peru,PER,2002,31.58625031
4608,Peru,PER,2003,31.57567978
4609,Peru,PER,2004,33.24757004
4610,Peru,PER,2005,33.17797089
4611,Peru,PER,2006,34.32350922
4612,Peru,PER,2010,40.51279068
4639,Philippines,PHL,2001,30.34026909
4640,Philippines,PHL,2002,30.16803932
4641,Philippines,PHL,2003,29.05920029
4642,Philippines,PHL,2004,28.34799004
4643,Philippines,PHL,2005,27.51127052
4644,Philippines,PHL,2006,27.84531975
4645,Philippines,PHL,2008,29.3523407
4646,Philippines,PHL,2009,28.70718956
4647,Philippines,PHL,2010,29.75400925
4681,Poland,POL,2000,50.49322891
4682,Poland,POL,2001,55.51588821
4683,Poland,POL,2002,58.22227859
4684,Poland,POL,2003,59.46221924
4685,Poland,POL,2004,60.71324158
4686,Poland,POL,2005,63.00495148
4687,Poland,POL,2006,64.60578156
4688,Poland,POL,2007,66.15026093
4689,Poland,POL,2008,68.89042664
4690,Poland,POL,2009,70.79981995
4691,Poland,POL,2010,73.17285156
4721,Portugal,PRT,2000,48.07350159
4722,Portugal,PRT,2001,50.81964111
4723,Portugal,PRT,2002,53.06124878
4724,Portugal,PRT,2003,54.9695816
4725,Portugal,PRT,2004,55.74679184
4726,Portugal,PRT,2005,55.50008011
4727,Portugal,PRT,2006,55.44113922
4728,Portugal,PRT,2007,57.84278107
4729,Portugal,PRT,2008,61.663311
4730,Portugal,PRT,2009,62.69351959
4731,Portugal,PRT,2010,65.66020966
4736,Puerto Rico,PRI,2007,71.66853333
4737,Puerto Rico,PRI,2008,77.87657166
4738,Puerto Rico,PRI,2009,81.27169037
4739,Puerto Rico,PRI,2010,86.35391998
4765,Qatar,QAT,2001,19.16168022
4766,Qatar,QAT,2002,16.18944931
4767,Qatar,QAT,2003,14.929699900000001
4768,Qatar,QAT,2004,17.17461014
4769,Qatar,QAT,2005,17.64545059
4770,Qatar,QAT,2006,18.36469078
4771,Qatar,QAT,2007,12.91384983
4772,Qatar,QAT,2008,11.14288998
4773,Qatar,QAT,2009,9.942609787
4774,Qatar,QAT,2010,9.905070305
4808,Romania,ROU,2000,24.02647972
4809,Romania,ROU,2001,28.75435066
4810,Romania,ROU,2002,32.618251799999996
4811,Romania,ROU,2003,37.60491943
4812,Romania,ROU,2004,41.4217186
4813,Romania,ROU,2005,45.50912094
4814,Romania,ROU,2006,51.72751999
4815,Romania,ROU,2007,58.16762924
4816,Romania,ROU,2008,66.92304993
4817,Romania,ROU,2009,71.25668335
4818,Romania,ROU,2010,67.80831146
4853,Russia,RUS,2000,55.77674866
4854,Russia,RUS,2001,61.56053162
4855,Russia,RUS,2002,66.86711884
4856,Russia,RUS,2003,70.69351196
4857,Russia,RUS,2004,70.62476349
4858,Russia,RUS,2005,72.60941315
4859,Russia,RUS,2006,72.84204102
4860,Russia,RUS,2007,74.06365967
4861,Russia,RUS,2008,74.95699309999999
4862,Russia,RUS,2009,75.43293762
4885,Rwanda,RWA,2000,1.283990026
4886,Rwanda,RWA,2001,1.6499099730000002
4887,Rwanda,RWA,2002,1.9176399709999998
4888,Rwanda,RWA,2003,2.307549953
4889,Rwanda,RWA,2004,2.7052199839999997
4890,Rwanda,RWA,2005,2.840169907
4891,Rwanda,RWA,2006,3.629990101
4892,Rwanda,RWA,2007,3.704240084
4893,Rwanda,RWA,2008,3.988349915
4894,Rwanda,RWA,2009,4.85299015
4895,Rwanda,RWA,2010,5.56595993
4908,Saint Kitts and Nevis,KNA,2008,18.22617912
4923,Saint Lucia,LCA,2004,13.88214016
4924,Saint Lucia,LCA,2005,13.10702991
4925,Saint Lucia,LCA,2006,9.558480263
4926,Saint Lucia,LCA,2007,8.664219856
4927,Saint Lucia,LCA,2008,15.94777012
4928,Saint Lucia,LCA,2009,17.65040016
4929,Saint Lucia,LCA,2010,12.49287987
4949,Samoa,WSM,2000,7.562379837000001
4950,San Marino,SMR,2010,64.84429169
4953,Sao Tome and Principe,STP,2009,3.937360048
4954,Sao Tome and Principe,STP,2010,4.300710201
4986,Saudi Arabia,SAU,2000,22.18342972
4987,Saudi Arabia,SAU,2001,24.00988007
4988,Saudi Arabia,SAU,2002,23.893220899999996
4989,Saudi Arabia,SAU,2003,27.397710800000002
4990,Saudi Arabia,SAU,2004,29.05114937
4991,Saudi Arabia,SAU,2005,29.59321022
4992,Saudi Arabia,SAU,2006,29.99452972
4993,Saudi Arabia,SAU,2007,29.69177055
4994,Saudi Arabia,SAU,2008,30.00293922
4995,Saudi Arabia,SAU,2009,30.96733093
4996,Saudi Arabia,SAU,2010,36.51451111
5015,Senegal,SEN,2004,4.952000141
5016,Senegal,SEN,2005,5.43859005
5017,Senegal,SEN,2006,5.580699921
5018,Senegal,SEN,2007,6.185170174
5019,Senegal,SEN,2008,7.720680237000001
5020,Senegal,SEN,2009,7.765470027999999
5021,Senegal,SEN,2010,7.389460087000001
5022,Serbia,SRB,2001,37.76187897
5023,Serbia,SRB,2002,35.66371918
5024,Serbia,SRB,2003,39.61336136
5025,Serbia,SRB,2004,40.93379974
5026,Serbia,SRB,2005,44.20524979
5027,Serbia,SRB,2006,46.81958008
5028,Serbia,SRB,2007,47.99300003
5029,Serbia,SRB,2008,48.66537857
5030,Serbia,SRB,2009,49.84967041
5031,Serbia,SRB,2010,49.08272171
5056,Sierra Leone,SLE,2000,1.7552499769999999
5057,Sierra Leone,SLE,2001,2.236269951
5058,Sierra Leone,SLE,2002,2.172719955
5067,Slovakia,SVK,2000,28.430440899999997
5068,Slovakia,SVK,2001,30.08350945
5069,Slovakia,SVK,2002,32.11003876
5070,Slovakia,SVK,2003,33.93764114
5071,Slovakia,SVK,2004,36.05393982
5072,Slovakia,SVK,2005,40.45214844
5073,Slovakia,SVK,2006,44.89694977
5074,Slovakia,SVK,2007,50.22005081
5075,Slovakia,SVK,2008,53.68912888
5076,Slovakia,SVK,2009,55.89524078
5077,Slovakia,SVK,2010,56.85327148
5101,Slovenia,SVN,2000,55.20965958
5102,Slovenia,SVN,2001,60.44554138
5103,Slovenia,SVN,2002,66.2991333
5104,Slovenia,SVN,2003,69.01059723
5105,Slovenia,SVN,2004,72.40721893
5106,Slovenia,SVN,2005,79.28282166
5107,Slovenia,SVN,2006,82.57076263
5108,Slovenia,SVN,2007,84.44265747
5109,Slovenia,SVN,2008,85.17475128
5110,Slovenia,SVN,2009,85.83402252
5111,Slovenia,SVN,2010,88.2660675
5162,South Asia,,2000,8.212770462
5163,South Asia,,2001,8.466170311
5164,South Asia,,2002,8.819470406
5165,South Asia,,2003,9.167790412999999
5166,South Asia,,2004,9.435359955
5167,South Asia,,2005,9.491979599
5168,South Asia,,2006,10.20431995
5169,South Asia,,2007,11.59529018
5170,South Asia,,2008,13.142780300000002
5171,South Asia,,2009,14.22379017
5172,South Asia,,2010,15.8562603
5206,South Korea,KOR,2000,78.43615723
5207,South Korea,KOR,2001,82.47044373
5208,South Korea,KOR,2002,86.49107361
5209,South Korea,KOR,2003,89.26271057
5210,South Korea,KOR,2004,91.02323914
5211,South Korea,KOR,2005,90.29605865
5212,South Korea,KOR,2006,90.46153259
5213,South Korea,KOR,2007,92.57688904
5214,South Korea,KOR,2008,95.25579834
5215,South Korea,KOR,2009,97.97155762
5216,South Korea,KOR,2010,99.66033936
5249,Spain,ESP,2000,57.81138992
5250,Spain,ESP,2001,59.86965942
5251,Spain,ESP,2002,61.68688965
5252,Spain,ESP,2003,64.08547211
5253,Spain,ESP,2004,66.22701263
5254,Spain,ESP,2005,67.30136871
5255,Spain,ESP,2006,68.6917038
5256,Spain,ESP,2007,69.70449066
5257,Spain,ESP,2008,71.33023834
5258,Spain,ESP,2009,73.72837829999999
5259,Spain,ESP,2010,78.67028809
5279,Sri Lanka,LKA,2010,16.34794044
5314,Sub-Saharan Africa,,2000,4.40571022
5315,Sub-Saharan Africa,,2001,4.774499893
5316,Sub-Saharan Africa,,2002,5.122759819
5317,Sub-Saharan Africa,,2003,5.496240139
5318,Sub-Saharan Africa,,2004,5.746500015
5319,Sub-Saharan Africa,,2005,6.066569805
5320,Sub-Saharan Africa,,2006,6.3109498020000006
5321,Sub-Saharan Africa,,2007,6.544980048999999
5322,Sub-Saharan Africa,,2008,6.9365601539999995
5323,Sub-Saharan Africa,,2009,7.394909859
5324,Sub-Saharan Africa,,2010,7.860589981
5359,Sub-Saharan Africa (all income levels),,2000,4.4051799769999995
5360,Sub-Saharan Africa (all income levels),,2001,4.773920059
5361,Sub-Saharan Africa (all income levels),,2002,5.122139931
5362,Sub-Saharan Africa (all income levels),,2003,5.495580196000001
5363,Sub-Saharan Africa (all income levels),,2004,5.745830058999999
5364,Sub-Saharan Africa (all income levels),,2005,6.065889835
5365,Sub-Saharan Africa (all income levels),,2006,6.310279846
5366,Sub-Saharan Africa (all income levels),,2007,6.544310092999999
5367,Sub-Saharan Africa (all income levels),,2008,6.935880184
5368,Sub-Saharan Africa (all income levels),,2009,7.394189835
5369,Sub-Saharan Africa (all income levels),,2010,7.859839916
5375,Sudan,SDN,2000,6.483650207999999
5376,Sudan,SDN,2001,8.081600189
5377,Sudan,SDN,2002,9.179869652
5378,Sudan,SDN,2003,8.579339981
5379,Sudan,SDN,2004,10.43231964
5380,Sudan,SDN,2005,11.73268032
5381,Sudan,SDN,2006,13.28232956
5382,Sudan,SDN,2007,13.02048969
5383,Sudan,SDN,2008,14.39694977
5384,Sudan,SDN,2009,14.68622971
5385,Sudan,SDN,2010,14.98464966
5399,Suriname,SUR,2002,12.65155983
5422,Swaziland,SWZ,2000,4.459209919
5423,Swaziland,SWZ,2002,4.536079883999999
5424,Swaziland,SWZ,2004,5.461140156
5425,Swaziland,SWZ,2005,4.75177002
5426,Swaziland,SWZ,2006,4.44382
5458,Sweden,SWE,2000,67.10568237
5459,Sweden,SWE,2001,70.29634857
5460,Sweden,SWE,2002,75.30462646
5461,Sweden,SWE,2003,81.43862915
5462,Sweden,SWE,2004,83.78032684
5463,Sweden,SWE,2005,81.97477722
5464,Sweden,SWE,2006,79.34684753
5465,Sweden,SWE,2007,74.97612
5466,Sweden,SWE,2008,71.12386322
5467,Sweden,SWE,2009,71.45188141
5468,Sweden,SWE,2010,74.68412781
5501,Switzerland,CHE,2000,37.69380951
5502,Switzerland,CHE,2001,39.68127823
5503,Switzerland,CHE,2002,40.85055923
5504,Switzerland,CHE,2003,43.94049835
5505,Switzerland,CHE,2004,45.50630951
5506,Switzerland,CHE,2005,45.71459961
5507,Switzerland,CHE,2006,46.44490814
5508,Switzerland,CHE,2007,47.13521957
5509,Switzerland,CHE,2008,48.71183014
5510,Switzerland,CHE,2009,50.01467133
5511,Switzerland,CHE,2010,52.79273987
5541,Syria,SYR,2002,12.37854004
5542,Syria,SYR,2003,12.9780302
5543,Syria,SYR,2004,15.00220966
5544,Syria,SYR,2005,18.20454025
5545,Syria,SYR,2006,20.93221092
5546,Syria,SYR,2007,22.5918293
5547,Syria,SYR,2008,24.21655083
5548,Syria,SYR,2009,24.30407906
5549,Syria,SYR,2010,25.99613953
5564,Tajikistan,TJK,2000,18.26358986
5565,Tajikistan,TJK,2001,17.69054985
5566,Tajikistan,TJK,2002,17.80306053
5567,Tajikistan,TJK,2003,19.10758018
5568,Tajikistan,TJK,2004,20.37697029
5569,Tajikistan,TJK,2005,20.96607018
5570,Tajikistan,TJK,2006,22.05908966
5571,Tajikistan,TJK,2007,22.77215004
5572,Tajikistan,TJK,2008,23.01627922
5573,Tajikistan,TJK,2009,22.61800957
5574,Tajikistan,TJK,2010,22.6925602
5606,Tanzania,TZA,2000,0.675339997
5607,Tanzania,TZA,2001,0.693539977
5608,Tanzania,TZA,2002,0.725769997
5609,Tanzania,TZA,2003,0.930540025
5610,Tanzania,TZA,2004,1.255380034
5611,Tanzania,TZA,2005,1.469449997
5612,Tanzania,TZA,2010,2.130569935
5639,Thailand,THA,2000,34.891689299999996
5640,Thailand,THA,2001,39.008461
5641,Thailand,THA,2002,39.89744186
5642,Thailand,THA,2003,40.81069183
5643,Thailand,THA,2004,41.85757065
5644,Thailand,THA,2005,44.2166481
5645,Thailand,THA,2006,44.24459839
5646,Thailand,THA,2007,48.23329163
5647,Thailand,THA,2008,47.88145828
5648,Thailand,THA,2009,48.81940842
5649,Thailand,THA,2010,50.20262146
5654,Timor,TLS,2002,8.874759674
5655,Timor,TLS,2009,16.60396004
5656,Timor,TLS,2010,18.1497097
5682,Togo,TGO,2006,5.019219875
5683,Togo,TGO,2007,5.668149948
5684,Togo,TGO,2010,9.127510071
5695,Tonga,TON,2000,4.856880188
5696,Tonga,TON,2001,4.167819977
5697,Tonga,TON,2002,5.576210022000001
5698,Tonga,TON,2003,6.348599911
5722,Trinidad and Tobago,TTO,2000,6.0603899960000005
5723,Trinidad and Tobago,TTO,2001,6.435709953
5724,Trinidad and Tobago,TTO,2002,8.703009605
5725,Trinidad and Tobago,TTO,2003,8.777389526
5726,Trinidad and Tobago,TTO,2004,11.95116997
5756,Tunisia,TUN,2000,19.23327065
5757,Tunisia,TUN,2001,21.73063087
5758,Tunisia,TUN,2002,23.32333946
5759,Tunisia,TUN,2003,27.50217056
5760,Tunisia,TUN,2004,29.95463943
5761,Tunisia,TUN,2005,31.82477951
5762,Tunisia,TUN,2006,32.49908829
5763,Tunisia,TUN,2007,32.71139145
5764,Tunisia,TUN,2008,33.7112999
5765,Tunisia,TUN,2009,34.85929108
5766,Tunisia,TUN,2010,35.16514969
5799,Turkey,TUR,2001,25.26073074
5800,Turkey,TUR,2002,26.20022011
5801,Turkey,TUR,2003,29.83296013
5802,Turkey,TUR,2004,30.62768936
5803,Turkey,TUR,2005,32.75320053
5804,Turkey,TUR,2006,36.57899094
5805,Turkey,TUR,2007,38.48064041
5806,Turkey,TUR,2008,39.92818069
5807,Turkey,TUR,2009,46.21384048
5808,Turkey,TUR,2010,55.99906158
5844,Uganda,UGA,2000,2.592269897
5845,Uganda,UGA,2001,2.805119991
5846,Uganda,UGA,2002,3.467139959
5847,Uganda,UGA,2003,3.7026898860000004
5848,Uganda,UGA,2004,3.578730106
5849,Uganda,UGA,2006,3.499089956
5850,Uganda,UGA,2008,3.825269938
5851,Uganda,UGA,2009,4.254700184
5852,Uganda,UGA,2010,4.001629829
5873,Ukraine,UKR,2000,48.70301056
5874,Ukraine,UKR,2001,51.86708069
5875,Ukraine,UKR,2002,56.432178500000006
5876,Ukraine,UKR,2003,60.84540176
5877,Ukraine,UKR,2004,66.00189972
5878,Ukraine,UKR,2005,71.11181641
5879,Ukraine,UKR,2006,76.85526276
5880,Ukraine,UKR,2007,80.90347290000001
5881,Ukraine,UKR,2008,83.53665924
5882,Ukraine,UKR,2009,84.19750214
5883,Ukraine,UKR,2010,81.93351746
5904,United Arab Emirates,ARE,2007,15.7736702
5905,United Arab Emirates,ARE,2008,13.47181034
5906,United Arab Emirates,ARE,2009,12.88973045
5907,United Arab Emirates,ARE,2010,13.19874001
5941,United Kingdom,GBR,2000,58.52434158
5942,United Kingdom,GBR,2001,59.30871964
5943,United Kingdom,GBR,2002,62.60157013
5944,United Kingdom,GBR,2003,62.08634949
5945,United Kingdom,GBR,2004,59.36344147
5946,United Kingdom,GBR,2005,59.00099182
5947,United Kingdom,GBR,2006,59.12668991
5948,United Kingdom,GBR,2007,58.65200043
5949,United Kingdom,GBR,2008,56.87400818
5950,United Kingdom,GBR,2009,58.15341949
5951,United Kingdom,GBR,2010,59.06695938
5984,United States,USA,2000,68.13630676
5985,United States,USA,2001,68.98013306
5986,United States,USA,2002,79.33296204
5987,United States,USA,2003,81.31324005
5988,United States,USA,2004,81.46356201
5989,United States,USA,2005,82.08444214
5990,United States,USA,2006,82.05300140000001
5991,United States,USA,2007,83.03105927
5992,United States,USA,2008,85.00682068
5993,United States,USA,2009,88.58174133
5994,United States,USA,2010,94.22801208
6029,Upper middle income,,2000,17.31056976
6030,Upper middle income,,2001,19.57785034
6031,Upper middle income,,2002,21.93716049
6032,Upper middle income,,2003,24.29578972
6033,Upper middle income,,2004,25.81934929
6034,Upper middle income,,2005,27.12184906
6035,Upper middle income,,2006,28.37346077
6036,Upper middle income,,2007,29.29443932
6037,Upper middle income,,2008,30.26584053
6038,Upper middle income,,2009,31.51464081
6039,Upper middle income,,2010,32.97220993
6059,Uruguay,URY,2000,34.32302856
6060,Uruguay,URY,2001,37.54623032
6061,Uruguay,URY,2002,39.26779175
6062,Uruguay,URY,2003,41.14994049
6063,Uruguay,URY,2004,42.40665054
6064,Uruguay,URY,2005,45.33721161
6065,Uruguay,URY,2006,46.03178024
6066,Uruguay,URY,2007,63.72937012
6067,Uruguay,URY,2008,64.60523987
6068,Uruguay,URY,2009,63.23542023
6069,Uruguay,URY,2010,63.13378143
6077,Uzbekistan,UZB,2000,13.17133045
6078,Uzbekistan,UZB,2001,13.48433018
6079,Uzbekistan,UZB,2002,13.90909004
6080,Uzbekistan,UZB,2003,14.035039900000001
6081,Uzbekistan,UZB,2004,14.20648956
6082,Uzbekistan,UZB,2005,10.10571957
6083,Uzbekistan,UZB,2006,10.28674984
6084,Uzbekistan,UZB,2007,10.16693974
6085,Uzbekistan,UZB,2008,10.16851997
6086,Uzbekistan,UZB,2009,9.950200081
6087,Uzbekistan,UZB,2010,9.398770332
6090,Vanuatu,VUT,2000,3.8295400139999995
6091,Vanuatu,VUT,2001,3.773269892
6092,Vanuatu,VUT,2002,4.7840499880000005
6093,Vanuatu,VUT,2003,4.69175005
6094,Vanuatu,VUT,2004,4.744400024
6116,Venezuela,VEN,2000,28.52666092
6117,Venezuela,VEN,2002,38.24082947
6118,Venezuela,VEN,2003,39.73891068
6119,Venezuela,VEN,2004,41.55096054
6120,Venezuela,VEN,2008,77.45735168
6121,Venezuela,VEN,2009,76.97959137
6140,Vietnam,VNM,2000,9.412480354
6141,Vietnam,VNM,2001,9.470649718999999
6142,Vietnam,VNM,2002,9.730819702
6143,Vietnam,VNM,2003,10.11849976
6144,Vietnam,VNM,2005,16.0528698
6145,Vietnam,VNM,2006,16.67086983
6146,Vietnam,VNM,2007,18.36363983
6147,Vietnam,VNM,2008,18.94574928
6148,Vietnam,VNM,2009,20.109920499999998
6149,Vietnam,VNM,2010,22.68767929
6184,World,OWID_WRL,2000,19.03692055
6185,World,OWID_WRL,2001,20.10165977
6186,World,OWID_WRL,2002,21.63476944
6187,World,OWID_WRL,2003,22.7780304
6188,World,OWID_WRL,2004,23.58914948
6189,World,OWID_WRL,2005,24.28075981
6190,World,OWID_WRL,2006,25.03461075
6191,World,OWID_WRL,2007,25.88935089
6192,World,OWID_WRL,2008,26.92322922
6193,World,OWID_WRL,2009,27.97846031
6194,World,OWID_WRL,2010,29.35959053
6202,Yemen,YEM,2002,10.63117027
6203,Yemen,YEM,2003,10.16549015
6204,Yemen,YEM,2004,9.664879799
6205,Yemen,YEM,2005,9.615119933999999
6206,Yemen,YEM,2006,9.240599632
6207,Yemen,YEM,2007,10.45038033
6208,Yemen,YEM,2008,10.61478043
6209,Yemen,YEM,2009,11.13156033
6210,Yemen,YEM,2010,10.57347965
6250,Zimbabwe,ZWE,2010,5.905600071
